County,Quarterly Avg Employment  (2024 1st Q),Quarterly Avg Employment  (2023 1st Q),Quarterly Avg Employment  (2022 1st Q),Quarterly Avg Employment  (2021 1st Q),Quarterly Avg Employment  (2020 1st Q),Difference in Employment  2020-2024,2024 Avg Yearly Wage,2023 Avg Yearly Wage,2022 Avg Yearly Wage,2021 Avg Yearly Wage,2020 Avg Yearly Wage,Difference in Wages 1st Q 2020-2024,2024 Total Establishments,2023 Total Establishments,2022 Total Establishments,2021 Total Establishments,2020 Total Establishments,Difference  in Total Establishments  1st Q 2020-2024,Statewide sum Difference In Employment 2020-2024,Avg Difference In Wages Statewide 2020-2024,Statewide sum Difference In Total  Establishments 2020-2024,Avg Difference in Wages Statewide normalized by total  employment,Industry,Column W Adjusted for Inflation between 2020-2024,Unnamed: 23,Percent employers  in LA,Percent workers in LA,Sum establishments 2020,% loss of  establishments,Sum workers 2020,%loss workers,Year,Annual,Avg Difference in Wages Statewide normalized by total  employment.1
Alameda,842.0,822.0,885.0,734.0,916.0,-73.0,29068.0,28912.0,28912.0,26884.0,26676.0,2392.0,64.0,60.0,58.0,58.0,55.0,9.0,-1565.0,1602.823529,70.0,6027.436392,Carwash,,,,,,,,,,,
Butte,83.0,47.0,55.0,39.0,63.0,20.0,24596.0,22256.0,22308.0,20020.0,18772.0,5824.0,10.0,9.0,6.0,6.0,5.0,5.0,,,,,Carwash,,,,,,,,,,,
Contra Costa,417.0,395.0,472.0,374.0,411.0,5.0,26312.0,26832.0,28912.0,23764.0,23088.0,3224.0,43.0,41.0,43.0,43.0,33.0,10.0,,,,,Carwash,,,,,,,,,,,
El Dorado,27.0,51.0,,,58.0,-30.0,31044.0,23712.0,,,30888.0,156.0,11.0,10.0,,,5.0,6.0,,,,,Carwash,,,,,,,,,,,
Fresno,783.0,974.0,1000.0,883.0,934.0,-151.0,28756.0,28132.0,26624.0,24960.0,22568.0,6188.0,55.0,51.0,48.0,45.0,47.0,8.0,,,,,Carwash,,,,,,,,,,,
Imperial,110.0,51.0,53.0,21.0,,,31772.0,35828.0,27716.0,23140.0,,,12.0,6.0,5.0,4.0,,,,,,,Carwash,,,,,,,,,,,
Kern,498.0,540.0,566.0,526.0,582.0,-83.0,35932.0,34684.0,35204.0,28860.0,28912.0,7020.0,47.0,45.0,46.0,44.0,45.0,2.0,,,,,Carwash,,,,,,,,,,,
Kings,52.0,42.0,60.0,56.0,41.0,11.0,25636.0,27976.0,25220.0,22412.0,21164.0,4472.0,10.0,7.0,7.0,8.0,5.0,5.0,,,,,Carwash,,,,,,,,,,,
Los Angeles,6156.0,6109.0,6675.0,6033.0,7393.0,-1238.0,28340.0,27248.0,27508.0,24752.0,23348.0,4992.0,609.0,576.0,591.0,582.0,598.0,11.0,,,,,Carwash,,,,,,,,,,,
Madera,74.0,54.0,57.0,47.0,56.0,18.0,26312.0,26104.0,22828.0,20800.0,24700.0,1612.0,5.0,5.0,6.0,6.0,6.0,-1.0,,,,,Carwash,,,,,,,,,,,
Marin,374.0,426.0,411.0,383.0,511.0,-137.0,30784.0,30524.0,36920.0,34736.0,29796.0,988.0,13.0,13.0,13.0,11.0,12.0,1.0,,,,,Carwash,,,,,,,,,,,
Mendocino,29.0,26.0,35.0,37.0,39.0,-10.0,28080.0,30264.0,27352.0,24960.0,28080.0,0.0,4.0,5.0,5.0,6.0,6.0,-2.0,,,,,Carwash,,,,,,,,,,,
Merced,124.0,117.0,145.0,71.0,42.0,82.0,31460.0,26936.0,27196.0,21372.0,23400.0,8060.0,18.0,17.0,16.0,11.0,8.0,10.0,,,,,Carwash,,,,,,,,,,,
Monterey,236.0,224.0,220.0,193.0,182.0,53.0,29224.0,27664.0,36348.0,29432.0,25168.0,4056.0,19.0,16.0,15.0,15.0,14.0,5.0,,,,,Carwash,,,,,,,,,,,
Napa,53.0,54.0,54.0,57.0,85.0,-33.0,29172.0,29536.0,33748.0,28600.0,23660.0,5512.0,6.0,5.0,5.0,4.0,5.0,1.0,,,,,Carwash,,,,,,,,,,,
Nevada,30.0,,33.0,,,,28028.0,,13000.0,,,,5.0,,3.0,,,,,,,,Carwash,,,,,,,,,,,
Orange,3319.0,3070.0,2876.0,2622.0,2858.0,461.0,34372.0,31980.0,31148.0,28340.0,26676.0,7696.0,238.0,237.0,218.0,217.0,215.0,23.0,,,,,Carwash,,,,,,,,,,,
Placer,526.0,416.0,350.0,802.0,96.0,430.0,64220.0,59696.0,54288.0,31304.0,22464.0,41756.0,31.0,26.0,22.0,16.0,14.0,17.0,,,,,Carwash,,,,,,,,,,,
Riverside,1588.0,1385.0,1501.0,1198.0,1465.0,122.0,28184.0,26832.0,25376.0,22100.0,21372.0,6812.0,154.0,144.0,141.0,118.0,116.0,38.0,,,,,Carwash,,,,,,,,,,,
Sacramento,888.0,876.0,972.0,656.0,1409.0,-521.0,31148.0,31408.0,29588.0,28028.0,30628.0,520.0,89.0,93.0,88.0,58.0,62.0,27.0,,,,,Carwash,,,,,,,,,,,
San Benito,32.0,25.0,32.0,,,,28600.0,26520.0,25012.0,,,,4.0,4.0,4.0,,,,,,,,Carwash,,,,,,,,,,,
San Bernardino,1519.0,1501.0,1474.0,1324.0,1450.0,69.0,26104.0,24752.0,25948.0,23348.0,20592.0,5512.0,162.0,145.0,130.0,122.0,117.0,45.0,,,,,Carwash,,,,,,,,,,,
San Diego,2223.0,2101.0,2072.0,1716.0,2015.0,209.0,31512.0,29536.0,29380.0,26884.0,25116.0,6396.0,197.0,184.0,180.0,170.0,167.0,30.0,,,,,Carwash,,,,,,,,,,,
San Francisco,220.0,128.0,129.0,98.0,127.0,93.0,42848.0,49920.0,37856.0,33384.0,28288.0,14560.0,16.0,14.0,12.0,11.0,13.0,3.0,,,,,Carwash,,,,,,,,,,,
San Joaquin,616.0,542.0,743.0,497.0,615.0,1.0,34788.0,31252.0,32760.0,33956.0,29224.0,5564.0,59.0,52.0,52.0,37.0,38.0,21.0,,,,,Carwash,,,,,,,,,,,
San Luis Obispo,163.0,167.0,200.0,164.0,175.0,-11.0,31408.0,23088.0,26312.0,21164.0,22724.0,8684.0,17.0,15.0,15.0,13.0,13.0,4.0,,,,,Carwash,,,,,,,,,,,
San Mateo,530.0,505.0,614.0,445.0,574.0,-45.0,29120.0,27924.0,30784.0,25584.0,28236.0,884.0,31.0,31.0,31.0,30.0,27.0,4.0,,,,,Carwash,,,,,,,,,,,
Santa Barbara,245.0,210.0,218.0,193.0,223.0,22.0,29588.0,27456.0,31408.0,25376.0,23192.0,6396.0,23.0,21.0,20.0,19.0,19.0,4.0,,,,,Carwash,,,,,,,,,,,
Santa Clara,1016.0,1059.0,1280.0,1160.0,1469.0,-453.0,41548.0,38532.0,37804.0,33904.0,33696.0,7852.0,76.0,71.0,68.0,61.0,66.0,10.0,,,,,Carwash,,,,,,,,,,,
Santa Cruz,88.0,89.0,81.0,63.0,97.0,-9.0,20696.0,18564.0,23712.0,19084.0,23608.0,-2912.0,8.0,7.0,6.0,4.0,4.0,4.0,,,,,Carwash,,,,,,,,,,,
Shasta,116.0,49.0,,,,,26884.0,21424.0,,,,,15.0,12.0,,,,,,,,,Carwash,,,,,,,,,,,
Solano,341.0,428.0,405.0,330.0,390.0,-49.0,29432.0,39676.0,32760.0,33800.0,35100.0,-5668.0,25.0,21.0,20.0,16.0,17.0,8.0,,,,,Carwash,,,,,,,,,,,
Sonoma,265.0,330.0,345.0,291.0,377.0,-112.0,23660.0,25220.0,32604.0,24700.0,25428.0,-1768.0,23.0,34.0,37.0,35.0,32.0,-9.0,,,,,Carwash,,,,,,,,,,,
Stanislaus,448.0,447.0,522.0,518.0,538.0,-90.0,30680.0,27768.0,33228.0,28392.0,26104.0,4576.0,39.0,37.0,41.0,22.0,21.0,18.0,,,,,Carwash,,,,,,,,,,,
Sutter,55.0,35.0,51.0,46.0,51.0,4.0,16640.0,17888.0,17160.0,17992.0,17940.0,-1300.0,9.0,7.0,6.0,5.0,5.0,4.0,,,,,Carwash,,,,,,,,,,,
Tulare,263.0,198.0,203.0,180.0,191.0,72.0,30056.0,28912.0,30004.0,24908.0,21320.0,8736.0,30.0,29.0,27.0,24.0,24.0,6.0,,,,,Carwash,,,,,,,,,,,
Ventura,437.0,363.0,404.0,380.0,450.0,-13.0,36556.0,37752.0,32188.0,28288.0,26884.0,9672.0,41.0,38.0,42.0,40.0,40.0,1.0,,,,,Carwash,,,,,,,,,,,
Yolo,99.0,94.0,108.0,46.0,24.0,75.0,21944.0,26052.0,25480.0,23192.0,28964.0,-7020.0,13.0,12.0,11.0,7.0,6.0,7.0,,,,,Carwash,,,,,,,,,,,
Yuba,21.0,6.0,,,,,33904.0,33228.0,,,,,4.0,3.0,,,,,,,,,Carwash,,,,,,,,,,,
Unknown Or Undefined,58.0,157.0,115.0,87.0,,,50284.0,58708.0,53716.0,29588.0,,,14.0,16.0,13.0,5.0,,,,,,,Carwash,,,,,,,,,,,
Humboldt,,,,19.0,23.0,,,,,28548.0,23920.0,,,,,5.0,5.0,,,,,,Carwash,,,,,,,,,,,
,,,,,,,,,,,,,,,,,,,,,,,Carwash,,,,,,,,,,,
,,,,,,,,,,,,,,,,,,,,,,,Carwash,,,,,,,,,,,
Alameda,1558.0,1363.0,1384.0,1368.0,1526.0,32.0,43108.0,41548.0,36868.0,36764.0,32344.0,10764.0,1401.0,1267.0,1264.0,1251.0,1244.0,157.0,-93.0,2573.469388,12.0,12069.31974,Domestic & Homecare,,,,,,,,,,,
Amador,13.0,6.0,4.0,4.0,8.0,5.0,29796.0,9932.0,16744.0,21788.0,17368.0,12428.0,9.0,5.0,4.0,4.0,3.0,6.0,,,,,Domestic & Homecare,,,,,,,,,,,
Butte,143.0,88.0,74.0,77.0,80.0,64.0,32136.0,33800.0,31460.0,30888.0,31148.0,988.0,67.0,55.0,50.0,48.0,49.0,18.0,,,,,Domestic & Homecare,,,,,,,,,,,
Calaveras,9.0,10.0,15.0,9.0,7.0,2.0,78156.0,65104.0,39832.0,31564.0,37024.0,41132.0,5.0,7.0,8.0,4.0,5.0,0.0,,,,,Domestic & Homecare,,,,,,,,,,,
Colusa,7.0,,,,,,34112.0,,,,,,6.0,,,,,,,,,,Domestic & Homecare,,,,,,,,,,,
Contra Costa,891.0,765.0,794.0,735.0,849.0,42.0,44148.0,42224.0,38272.0,38584.0,35464.0,8684.0,761.0,660.0,693.0,660.0,693.0,68.0,,,,,Domestic & Homecare,,,,,,,,,,,
Del Norte,9.0,10.0,12.0,5.0,9.0,0.0,56264.0,70876.0,45812.0,49088.0,58968.0,-2704.0,5.0,5.0,4.0,3.0,3.0,2.0,,,,,Domestic & Homecare,,,,,,,,,,,
El Dorado,109.0,61.0,66.0,55.0,77.0,32.0,31304.0,33020.0,32916.0,28704.0,25896.0,5408.0,69.0,53.0,61.0,61.0,68.0,1.0,,,,,Domestic & Homecare,,,,,,,,,,,
Fresno,352.0,299.0,335.0,338.0,337.0,15.0,30576.0,28860.0,27092.0,23608.0,23296.0,7280.0,242.0,202.0,214.0,216.0,211.0,31.0,,,,,Domestic & Homecare,,,,,,,,,,,
Humboldt,70.0,62.0,69.0,71.0,81.0,-11.0,30472.0,34320.0,31044.0,30004.0,22620.0,7852.0,39.0,32.0,36.0,41.0,43.0,-4.0,,,,,Domestic & Homecare,,,,,,,,,,,
Imperial,32.0,24.0,27.0,32.0,45.0,-13.0,28028.0,23816.0,22204.0,20696.0,17524.0,10504.0,25.0,21.0,22.0,24.0,30.0,-5.0,,,,,Domestic & Homecare,,,,,,,,,,,
Inyo,4.0,6.0,,23.0,31.0,-27.0,22672.0,13988.0,,24648.0,26832.0,-4160.0,4.0,4.0,,4.0,5.0,-1.0,,,,,Domestic & Homecare,,,,,,,,,,,
Kern,193.0,178.0,183.0,176.0,156.0,37.0,34164.0,33280.0,29848.0,35152.0,27820.0,6344.0,112.0,101.0,94.0,93.0,93.0,19.0,,,,,Domestic & Homecare,,,,,,,,,,,
Kings,40.0,35.0,37.0,32.0,36.0,4.0,30004.0,33748.0,32552.0,34060.0,32136.0,-2132.0,20.0,18.0,18.0,21.0,23.0,-3.0,,,,,Domestic & Homecare,,,,,,,,,,,
Lake,15.0,17.0,13.0,12.0,11.0,5.0,38480.0,34372.0,36920.0,39468.0,28340.0,10140.0,11.0,8.0,7.0,10.0,7.0,4.0,,,,,Domestic & Homecare,,,,,,,,,,,
Los Angeles,13067.0,11800.0,12023.0,12154.0,13347.0,-280.0,51428.0,48464.0,42380.0,40144.0,37856.0,13572.0,9875.0,9124.0,9365.0,9647.0,10156.0,-281.0,,,,,Domestic & Homecare,,,,,,,,,,,
Madera,61.0,45.0,35.0,37.0,39.0,22.0,30004.0,24752.0,29900.0,29484.0,30680.0,-676.0,30.0,22.0,17.0,15.0,19.0,11.0,,,,,Domestic & Homecare,,,,,,,,,,,
Marin,804.0,716.0,682.0,670.0,742.0,62.0,54080.0,51584.0,47164.0,42744.0,38792.0,15288.0,707.0,604.0,567.0,528.0,565.0,142.0,,,,,Domestic & Homecare,,,,,,,,,,,
Mariposa,7.0,,,,,,13728.0,,,,,,7.0,,,,,,,,,,Domestic & Homecare,,,,,,,,,,,
Mendocino,68.0,52.0,56.0,64.0,64.0,3.0,30212.0,26520.0,29380.0,30368.0,25428.0,4784.0,35.0,33.0,29.0,33.0,39.0,-4.0,,,,,Domestic & Homecare,,,,,,,,,,,
Merced,64.0,53.0,72.0,56.0,67.0,-3.0,31460.0,29224.0,27300.0,26156.0,26312.0,5148.0,42.0,32.0,35.0,33.0,44.0,-2.0,,,,,Domestic & Homecare,,,,,,,,,,,
Modoc,4.0,,,,,,19188.0,,,,,,4.0,,,,,,,,,,Domestic & Homecare,,,,,,,,,,,
Mono,13.0,5.0,,,13.0,0.0,43108.0,66404.0,,,24752.0,18356.0,9.0,7.0,,,4.0,5.0,,,,,Domestic & Homecare,,,,,,,,,,,
Monterey,382.0,333.0,355.0,336.0,403.0,-21.0,45760.0,43524.0,37596.0,39052.0,35932.0,9828.0,231.0,207.0,208.0,197.0,230.0,1.0,,,,,Domestic & Homecare,,,,,,,,,,,
Napa,172.0,152.0,154.0,157.0,171.0,1.0,53300.0,51480.0,49972.0,44876.0,42536.0,10764.0,105.0,97.0,97.0,106.0,116.0,-11.0,,,,,Domestic & Homecare,,,,,,,,,,,
Nevada,86.0,71.0,58.0,63.0,59.0,27.0,34216.0,30992.0,29276.0,27612.0,26104.0,8112.0,58.0,48.0,39.0,40.0,35.0,23.0,,,,,Domestic & Homecare,,,,,,,,,,,
Orange,2178.0,1898.0,1899.0,1839.0,1960.0,218.0,45916.0,40664.0,38220.0,35828.0,34736.0,11180.0,1599.0,1402.0,1389.0,1380.0,1430.0,169.0,,,,,Domestic & Homecare,,,,,,,,,,,
Placer,253.0,213.0,222.0,232.0,234.0,19.0,40352.0,41132.0,39364.0,35776.0,34684.0,5668.0,193.0,164.0,170.0,161.0,173.0,20.0,,,,,Domestic & Homecare,,,,,,,,,,,
Riverside,977.0,720.0,694.0,604.0,675.0,302.0,38376.0,36712.0,33540.0,34372.0,31980.0,6396.0,476.0,389.0,390.0,375.0,391.0,85.0,,,,,Domestic & Homecare,,,,,,,,,,,
Sacramento,926.0,704.0,680.0,719.0,662.0,264.0,35672.0,34944.0,32396.0,29900.0,26468.0,9204.0,630.0,523.0,506.0,557.0,493.0,137.0,,,,,Domestic & Homecare,,,,,,,,,,,
San Benito,37.0,26.0,22.0,18.0,23.0,14.0,36504.0,38896.0,41704.0,42952.0,26780.0,9724.0,22.0,12.0,12.0,16.0,21.0,1.0,,,,,Domestic & Homecare,,,,,,,,,,,
San Bernardino,507.0,309.0,352.0,338.0,378.0,130.0,32292.0,30264.0,29484.0,28340.0,24128.0,8164.0,311.0,224.0,250.0,245.0,240.0,71.0,,,,,Domestic & Homecare,,,,,,,,,,,
San Diego,2935.0,2623.0,2614.0,2552.0,2704.0,231.0,41912.0,39260.0,34320.0,32240.0,30004.0,11908.0,2299.0,2024.0,2083.0,2079.0,2044.0,255.0,,,,,Domestic & Homecare,,,,,,,,,,,
San Francisco,3066.0,2569.0,2561.0,2639.0,2844.0,222.0,60736.0,64428.0,55588.0,51584.0,46904.0,13832.0,2605.0,2102.0,2100.0,2217.0,2297.0,308.0,,,,,Domestic & Homecare,,,,,,,,,,,
San Joaquin,204.0,176.0,178.0,130.0,150.0,54.0,37804.0,31720.0,27820.0,30368.0,28340.0,9464.0,139.0,116.0,103.0,95.0,112.0,27.0,,,,,Domestic & Homecare,,,,,,,,,,,
San Luis Obispo,242.0,214.0,207.0,196.0,216.0,26.0,34684.0,35204.0,33592.0,30732.0,30784.0,3900.0,155.0,130.0,126.0,128.0,123.0,32.0,,,,,Domestic & Homecare,,,,,,,,,,,
San Mateo,2247.0,1915.0,1899.0,1899.0,2106.0,142.0,55068.0,56888.0,52260.0,49348.0,46384.0,8684.0,1958.0,1664.0,1667.0,1691.0,1765.0,193.0,,,,,Domestic & Homecare,,,,,,,,,,,
Santa Barbara,737.0,627.0,634.0,620.0,714.0,22.0,54912.0,54080.0,48100.0,43160.0,40144.0,14768.0,399.0,351.0,376.0,367.0,398.0,1.0,,,,,Domestic & Homecare,,,,,,,,,,,
Santa Clara,2227.0,1984.0,2050.0,1958.0,2181.0,46.0,68224.0,59904.0,52832.0,49140.0,42900.0,25324.0,1843.0,1705.0,1767.0,1824.0,1853.0,-10.0,,,,,Domestic & Homecare,,,,,,,,,,,
Santa Cruz,308.0,269.0,265.0,244.0,293.0,15.0,41288.0,40196.0,41028.0,34424.0,32292.0,8996.0,205.0,175.0,186.0,180.0,184.0,21.0,,,,,Domestic & Homecare,,,,,,,,,,,
Shasta,94.0,64.0,65.0,69.0,82.0,12.0,27508.0,26416.0,21372.0,22204.0,20800.0,6708.0,53.0,43.0,47.0,46.0,44.0,9.0,,,,,Domestic & Homecare,,,,,,,,,,,
Siskiyou,33.0,20.0,17.0,26.0,22.0,12.0,20176.0,30264.0,28028.0,21008.0,17004.0,3172.0,16.0,12.0,9.0,14.0,13.0,3.0,,,,,Domestic & Homecare,,,,,,,,,,,
Solano,186.0,133.0,144.0,133.0,153.0,33.0,34424.0,35308.0,31356.0,32240.0,28600.0,5824.0,126.0,95.0,90.0,93.0,104.0,22.0,,,,,Domestic & Homecare,,,,,,,,,,,
Sonoma,396.0,374.0,369.0,362.0,416.0,-20.0,45708.0,50388.0,42432.0,41340.0,40248.0,5460.0,308.0,274.0,270.0,274.0,281.0,27.0,,,,,Domestic & Homecare,,,,,,,,,,,
Stanislaus,173.0,112.0,116.0,136.0,178.0,-5.0,32136.0,30056.0,30732.0,26520.0,26156.0,5980.0,106.0,76.0,81.0,97.0,107.0,-1.0,,,,,Domestic & Homecare,,,,,,,,,,,
Sutter,28.0,21.0,24.0,25.0,31.0,-3.0,35620.0,34060.0,33124.0,27560.0,21372.0,14248.0,13.0,11.0,9.0,11.0,15.0,-2.0,,,,,Domestic & Homecare,,,,,,,,,,,
Tehama,35.0,15.0,16.0,10.0,19.0,16.0,21372.0,42120.0,34060.0,38896.0,27196.0,-5824.0,18.0,13.0,12.0,11.0,9.0,9.0,,,,,Domestic & Homecare,,,,,,,,,,,
Tulare,159.0,104.0,92.0,110.0,118.0,41.0,29484.0,31824.0,29016.0,24856.0,25740.0,3744.0,82.0,64.0,64.0,65.0,62.0,20.0,,,,,Domestic & Homecare,,,,,,,,,,,
Tuolumne,17.0,10.0,16.0,20.0,18.0,-1.0,20540.0,26988.0,29796.0,36816.0,33956.0,-13416.0,15.0,11.0,14.0,15.0,8.0,7.0,,,,,Domestic & Homecare,,,,,,,,,,,
Ventura,467.0,438.0,409.0,426.0,469.0,-2.0,40820.0,35360.0,32136.0,30420.0,28080.0,12740.0,401.0,364.0,342.0,351.0,365.0,36.0,,,,,Domestic & Homecare,,,,,,,,,,,
Yolo,203.0,130.0,150.0,165.0,171.0,32.0,33228.0,31148.0,30316.0,29068.0,23816.0,9412.0,158.0,120.0,138.0,146.0,138.0,20.0,,,,,Domestic & Homecare,,,,,,,,,,,
Yuba,14.0,9.0,,6.0,9.0,5.0,35360.0,21996.0,,28496.0,25168.0,10192.0,12.0,7.0,,5.0,7.0,5.0,,,,,Domestic & Homecare,,,,,,,,,,,
Unknown Or Undefined,933.0,400.0,345.0,316.0,,,68120.0,94484.0,73892.0,60944.0,,,674.0,245.0,220.0,191.0,,,,,,,Domestic & Homecare,,,,,,,,,,,
Plumas,,,,7.0,,,,,,19292.0,,,,,,3.0,,,,,,,Domestic & Homecare,,,,,,,,,,,
Glenn,,,,,17.0,,,,,,27404.0,,,,,,10.0,,,,,,Domestic & Homecare,,,,,,,,,,,
Butte,259.0,201.0,335.0,313.0,315.0,-56.0,32136.0,33592.0,31720.0,30680.0,28288.0,3848.0,11.0,11.0,12.0,12.0,11.0,0.0,5032.0,2505.62963,116.0,2542.299637,Farm Labor,,,,,,,,,,,
Colusa,213.0,242.0,496.0,704.0,657.0,-443.0,27352.0,28184.0,19500.0,15808.0,19136.0,8216.0,9.0,9.0,9.0,9.0,6.0,3.0,,,,,Farm Labor,,,,,,,,,,,
Fresno,16332.0,14505.0,14767.0,14444.0,14824.0,1507.0,26260.0,26936.0,29848.0,27300.0,27144.0,-884.0,174.0,157.0,153.0,155.0,159.0,15.0,,,,,Farm Labor,,,,,,,,,,,
Glenn,243.0,236.0,314.0,389.0,346.0,-103.0,37076.0,29952.0,33332.0,25064.0,24856.0,12220.0,13.0,12.0,10.0,13.0,14.0,-1.0,,,,,Farm Labor,,,,,,,,,,,
Imperial,2922.0,1982.0,2611.0,3673.0,3382.0,-461.0,36764.0,49296.0,32084.0,20384.0,23296.0,13468.0,39.0,32.0,33.0,31.0,33.0,6.0,,,,,Farm Labor,,,,,,,,,,,
Kern,29156.0,28053.0,29827.0,30949.0,28410.0,745.0,27924.0,25740.0,26312.0,25376.0,24856.0,3068.0,291.0,257.0,253.0,254.0,250.0,41.0,,,,,Farm Labor,,,,,,,,,,,
Kings,2621.0,2238.0,2130.0,2232.0,1838.0,783.0,33020.0,31668.0,34216.0,27560.0,29952.0,3068.0,33.0,25.0,24.0,25.0,25.0,8.0,,,,,Farm Labor,,,,,,,,,,,
Los Angeles,80.0,66.0,34.0,39.0,134.0,-54.0,26468.0,29536.0,47060.0,56524.0,22672.0,3796.0,10.0,11.0,11.0,14.0,12.0,-2.0,,,,,Farm Labor,,,,,,,,,,,
Madera,6848.0,6541.0,6753.0,6136.0,6398.0,450.0,28756.0,28288.0,27820.0,25480.0,26520.0,2236.0,79.0,69.0,62.0,63.0,60.0,19.0,,,,,Farm Labor,,,,,,,,,,,
Mendocino,233.0,177.0,,,,,30056.0,33280.0,,,,,7.0,6.0,,,,,,,,,Farm Labor,,,,,,,,,,,
Merced,2593.0,2297.0,3248.0,2824.0,2683.0,-90.0,31876.0,32656.0,32968.0,28912.0,28756.0,3120.0,51.0,42.0,43.0,45.0,45.0,6.0,,,,,Farm Labor,,,,,,,,,,,
Monterey,16898.0,14414.0,16131.0,14903.0,14839.0,2058.0,33696.0,35620.0,33540.0,29692.0,30888.0,2808.0,101.0,92.0,86.0,83.0,86.0,15.0,,,,,Farm Labor,,,,,,,,,,,
Napa,785.0,645.0,473.0,493.0,530.0,255.0,36920.0,39832.0,42172.0,37336.0,38272.0,-1352.0,22.0,19.0,19.0,19.0,17.0,5.0,,,,,Farm Labor,,,,,,,,,,,
Riverside,3476.0,3193.0,3578.0,3717.0,3391.0,86.0,27768.0,29796.0,29016.0,23140.0,24336.0,3432.0,56.0,51.0,49.0,55.0,57.0,-1.0,,,,,Farm Labor,,,,,,,,,,,
Sacramento,914.0,875.0,745.0,805.0,462.0,452.0,29432.0,27872.0,31824.0,26832.0,32552.0,-3120.0,17.0,14.0,13.0,15.0,13.0,4.0,,,,,Farm Labor,,,,,,,,,,,
San Bernardino,146.0,180.0,372.0,241.0,244.0,-98.0,35568.0,30732.0,28912.0,26676.0,21840.0,13728.0,9.0,9.0,9.0,10.0,11.0,-2.0,,,,,Farm Labor,,,,,,,,,,,
San Diego,198.0,262.0,246.0,257.0,237.0,-39.0,29172.0,31616.0,39260.0,27196.0,30212.0,-1040.0,21.0,20.0,23.0,25.0,25.0,-4.0,,,,,Farm Labor,,,,,,,,,,,
San Joaquin,3653.0,3181.0,3378.0,3361.0,4000.0,-347.0,30420.0,31096.0,31512.0,27612.0,29172.0,1248.0,115.0,95.0,103.0,109.0,107.0,8.0,,,,,Farm Labor,,,,,,,,,,,
San Luis Obispo,2645.0,2317.0,2498.0,2101.0,1927.0,718.0,28392.0,29588.0,29536.0,27456.0,28964.0,-572.0,28.0,28.0,28.0,28.0,27.0,1.0,,,,,Farm Labor,,,,,,,,,,,
Santa Barbara,6592.0,6068.0,6728.0,6074.0,5711.0,880.0,30056.0,29900.0,30524.0,27820.0,29016.0,1040.0,63.0,65.0,66.0,62.0,60.0,3.0,,,,,Farm Labor,,,,,,,,,,,
Santa Cruz,189.0,248.0,235.0,254.0,250.0,-61.0,33748.0,36868.0,33748.0,32448.0,29224.0,4524.0,13.0,11.0,11.0,14.0,12.0,1.0,,,,,Farm Labor,,,,,,,,,,,
Sonoma,530.0,461.0,547.0,514.0,608.0,-77.0,37284.0,41028.0,37284.0,34684.0,34008.0,3276.0,23.0,23.0,24.0,23.0,20.0,3.0,,,,,Farm Labor,,,,,,,,,,,
Stanislaus,2437.0,2196.0,3962.0,3499.0,3982.0,-1546.0,31096.0,32084.0,31304.0,26416.0,23452.0,7644.0,53.0,46.0,48.0,51.0,51.0,2.0,,,,,Farm Labor,,,,,,,,,,,
Sutter,593.0,347.0,460.0,429.0,545.0,48.0,26676.0,31928.0,33020.0,25324.0,22880.0,3796.0,22.0,21.0,22.0,26.0,27.0,-5.0,,,,,Farm Labor,,,,,,,,,,,
Tehama,475.0,277.0,465.0,510.0,507.0,-32.0,30472.0,39884.0,30628.0,23296.0,26676.0,3796.0,13.0,9.0,14.0,16.0,16.0,-3.0,,,,,Farm Labor,,,,,,,,,,,
Tulare,16571.0,16096.0,14351.0,13812.0,15187.0,1385.0,27300.0,25688.0,27040.0,25480.0,24180.0,3120.0,232.0,208.0,199.0,200.0,196.0,36.0,,,,,Farm Labor,,,,,,,,,,,
Ventura,4160.0,4230.0,4599.0,4371.0,4367.0,-207.0,34528.0,32292.0,35516.0,31772.0,32500.0,2028.0,56.0,47.0,50.0,51.0,51.0,5.0,,,,,Farm Labor,,,,,,,,,,,
Yolo,1162.0,1136.0,1347.0,1281.0,1537.0,-375.0,37856.0,35568.0,36608.0,29848.0,30888.0,6968.0,15.0,16.0,15.0,16.0,15.0,0.0,,,,,Farm Labor,,,,,,,,,,,
Humboldt,,,16.0,22.0,,,,,21788.0,28132.0,,,,,4.0,6.0,,,,,,,Farm Labor,,,,,,,,,,,
Lake,,,484.0,625.0,497.0,,,,39052.0,31980.0,35672.0,,,,7.0,8.0,8.0,,,,,,Farm Labor,,,,,,,,,,,
Solano,,,84.0,90.0,113.0,,,,35256.0,36088.0,30628.0,,,,5.0,6.0,6.0,,,,,,Farm Labor,,,,,,,,,,,
San Francisco,,,,50.0,,,,,,44200.0,,,,,,3.0,,,,,,,Farm Labor,,,,,,,,,,,
Alameda,,,,,58.0,,,,,,33540.0,,,,,,3.0,,,,,,Farm Labor,,,,,,,,,,,
Amador,,,,,75.0,,,,,,27976.0,,,,,,3.0,,,,,,Farm Labor,,,,,,,,,,,
Santa Clara,,,,,340.0,,,,,,18616.0,,,,,,5.0,,,,,,Farm Labor,,,,,,,,,,,
Unknown Or Undefined,,,,,37.0,,,,,,23192.0,,,,,,5.0,,,,,,Farm Labor,,,,,,,,,,,
Alameda,8916.0,8916.0,9058.0,8741.0,9791.0,-876.0,73112.0,68016.0,64324.0,57876.0,63856.0,9256.0,266.0,263.0,257.0,240.0,248.0,18.0,6776.0,8543.489362,797.0,10007.48285,Food Production,8261.088699,,,,,,,,,,
Butte,758.0,881.0,843.0,855.0,794.0,-36.0,53716.0,48516.0,51168.0,45136.0,48204.0,5512.0,28.0,29.0,27.0,27.0,28.0,0.0,,,,,Food Production,,,,,,,,,,,
Calaveras,13.0,15.0,21.0,10.0,,3.0,22932.0,18356.0,17264.0,21632.0,,1300.0,5.0,4.0,5.0,4.0,,1.0,,,,,Food Production,,,,,,,,,,,
Colusa,632.0,637.0,684.0,851.0,902.0,-270.0,80860.0,86268.0,70980.0,62660.0,60892.0,19968.0,13.0,14.0,14.0,14.0,15.0,-2.0,,,,,Food Production,,,,,,,,,,,
Contra Costa,2075.0,2104.0,1935.0,1717.0,1933.0,142.0,74620.0,68588.0,62972.0,63908.0,66300.0,8320.0,83.0,75.0,73.0,65.0,67.0,16.0,,,,,Food Production,,,,,,,,,,,
El Dorado,136.0,127.0,113.0,102.0,89.0,47.0,61256.0,56836.0,58188.0,51792.0,52988.0,8268.0,15.0,12.0,11.0,10.0,9.0,6.0,,,,,Food Production,,,,,,,,,,,
Fresno,12318.0,12543.0,11817.0,11465.0,11829.0,489.0,50336.0,50336.0,46384.0,45188.0,44044.0,6292.0,151.0,148.0,154.0,144.0,143.0,8.0,,,,,Food Production,,,,,,,,,,,
Glenn,212.0,209.0,204.0,238.0,262.0,-50.0,49972.0,43056.0,41236.0,40196.0,49556.0,416.0,9.0,9.0,9.0,10.0,13.0,-4.0,,,,,Food Production,,,,,,,,,,,
Humboldt,473.0,547.0,501.0,519.0,500.0,-27.0,40768.0,45552.0,40924.0,35308.0,34060.0,6708.0,28.0,30.0,27.0,28.0,30.0,-2.0,,,,,Food Production,,,,,,,,,,,
Imperial,1173.0,1265.0,1142.0,1134.0,1030.0,143.0,48048.0,52884.0,49296.0,42796.0,43888.0,4160.0,13.0,12.0,12.0,14.0,13.0,0.0,,,,,Food Production,,,,,,,,,,,
Inyo,119.0,111.0,110.0,99.0,110.0,9.0,47060.0,43368.0,39468.0,30732.0,30212.0,16848.0,5.0,5.0,5.0,4.0,4.0,1.0,,,,,Food Production,,,,,,,,,,,
Kern,4311.0,4692.0,4599.0,4670.0,4983.0,-672.0,65208.0,60372.0,55276.0,50232.0,52936.0,12272.0,66.0,64.0,71.0,62.0,54.0,12.0,,,,,Food Production,,,,,,,,,,,
Kings,3829.0,3838.0,3894.0,3826.0,3916.0,-87.0,62088.0,59332.0,58552.0,53352.0,56628.0,5460.0,30.0,28.0,27.0,26.0,26.0,4.0,,,,,Food Production,,,,,,,,,,,
Lake,10.0,10.0,10.0,6.0,8.0,1.0,21632.0,21476.0,21632.0,26156.0,23140.0,-1508.0,4.0,5.0,5.0,3.0,3.0,1.0,,,,,Food Production,,,,,,,,,,,
Los Angeles,39179.0,39920.0,39329.0,37348.0,39829.0,-650.0,64376.0,62400.0,56472.0,54912.0,53924.0,10452.0,1424.0,1373.0,1307.0,1229.0,1203.0,221.0,,,,,Food Production,,,,,,,,,,,
Madera,747.0,682.0,726.0,752.0,592.0,155.0,62504.0,55796.0,49244.0,48204.0,47164.0,15340.0,14.0,13.0,13.0,14.0,16.0,-2.0,,,,,Food Production,,,,,,,,,,,
Marin,663.0,601.0,609.0,783.0,919.0,-256.0,50960.0,50596.0,43888.0,51376.0,50752.0,208.0,41.0,39.0,41.0,41.0,38.0,3.0,,,,,Food Production,,,,,,,,,,,
Mendocino,71.0,124.0,139.0,111.0,160.0,-89.0,27092.0,32500.0,31096.0,31876.0,38012.0,-10920.0,10.0,11.0,13.0,11.0,12.0,-2.0,,,,,Food Production,,,,,,,,,,,
Merced,5658.0,6252.0,5738.0,5667.0,6075.0,-418.0,66144.0,60424.0,59020.0,54444.0,54444.0,11700.0,75.0,76.0,72.0,70.0,67.0,8.0,,,,,Food Production,,,,,,,,,,,
Monterey,1569.0,1608.0,1573.0,1513.0,1578.0,-10.0,47424.0,47164.0,43056.0,49452.0,44876.0,2548.0,78.0,72.0,70.0,68.0,71.0,7.0,,,,,Food Production,,,,,,,,,,,
Napa,995.0,739.0,393.0,355.0,364.0,632.0,102544.0,113464.0,71968.0,62868.0,70772.0,31772.0,22.0,18.0,16.0,15.0,12.0,10.0,,,,,Food Production,,,,,,,,,,,
Nevada,112.0,103.0,103.0,87.0,88.0,23.0,39728.0,38584.0,34268.0,28756.0,29744.0,9984.0,10.0,9.0,9.0,8.0,8.0,2.0,,,,,Food Production,,,,,,,,,,,
Orange,8333.0,7443.0,6873.0,6262.0,6543.0,1791.0,59332.0,56472.0,53612.0,49296.0,50596.0,8736.0,392.0,383.0,361.0,322.0,322.0,70.0,,,,,Food Production,,,,,,,,,,,
Placer,696.0,668.0,649.0,529.0,469.0,227.0,44980.0,44460.0,43420.0,45136.0,50440.0,-5460.0,32.0,30.0,24.0,20.0,17.0,15.0,,,,,Food Production,,,,,,,,,,,
Plumas,12.0,,,,,,32812.0,,,,,,3.0,,,,,,,,,,Food Production,,,,,,,,,,,
Riverside,4085.0,4146.0,3609.0,3490.0,3956.0,128.0,62764.0,61828.0,60528.0,55796.0,55276.0,7488.0,162.0,147.0,131.0,127.0,134.0,28.0,,,,,Food Production,,,,,,,,,,,
Sacramento,3647.0,3526.0,3455.0,3207.0,2809.0,838.0,68536.0,62816.0,55900.0,55588.0,59176.0,9360.0,106.0,100.0,98.0,90.0,83.0,23.0,,,,,Food Production,,,,,,,,,,,
San Benito,1007.0,1033.0,1046.0,1020.0,1080.0,-73.0,51116.0,51948.0,51688.0,42484.0,51740.0,-624.0,15.0,15.0,14.0,14.0,13.0,2.0,,,,,Food Production,,,,,,,,,,,
San Bernardino,8075.0,7991.0,8328.0,7092.0,7658.0,417.0,61984.0,60944.0,52364.0,53508.0,51636.0,10348.0,173.0,167.0,161.0,149.0,145.0,28.0,,,,,Food Production,,,,,,,,,,,
San Diego,7423.0,7415.0,6904.0,6066.0,6478.0,945.0,54132.0,52988.0,48360.0,45552.0,47320.0,6812.0,349.0,348.0,308.0,278.0,274.0,75.0,,,,,Food Production,,,,,,,,,,,
San Francisco,1990.0,2002.0,2086.0,2280.0,2868.0,-877.0,58812.0,62192.0,54912.0,46644.0,42328.0,16484.0,169.0,169.0,170.0,164.0,160.0,9.0,,,,,Food Production,,,,,,,,,,,
San Joaquin,5799.0,5410.0,5245.0,4971.0,5188.0,611.0,74204.0,66404.0,58292.0,55848.0,53300.0,20904.0,91.0,90.0,87.0,82.0,77.0,14.0,,,,,Food Production,,,,,,,,,,,
San Luis Obispo,900.0,875.0,816.0,726.0,693.0,207.0,43108.0,41964.0,39572.0,40768.0,38948.0,4160.0,61.0,58.0,56.0,45.0,45.0,16.0,,,,,Food Production,,,,,,,,,,,
San Mateo,2841.0,2769.0,2312.0,2180.0,2829.0,12.0,63960.0,57356.0,53872.0,55432.0,59020.0,4940.0,103.0,108.0,92.0,92.0,92.0,11.0,,,,,Food Production,,,,,,,,,,,
Santa Barbara,937.0,810.0,752.0,732.0,718.0,220.0,63752.0,44408.0,41080.0,34944.0,35308.0,28444.0,59.0,54.0,53.0,44.0,43.0,16.0,,,,,Food Production,,,,,,,,,,,
Santa Clara,2901.0,2812.0,2594.0,2356.0,2897.0,3.0,53716.0,54028.0,42276.0,47684.0,46332.0,7384.0,160.0,145.0,143.0,132.0,129.0,31.0,,,,,Food Production,,,,,,,,,,,
Santa Cruz,1125.0,1117.0,1252.0,1554.0,1667.0,-542.0,53716.0,53404.0,49192.0,49452.0,50336.0,3380.0,52.0,52.0,53.0,53.0,52.0,0.0,,,,,Food Production,,,,,,,,,,,
Shasta,164.0,305.0,320.0,282.0,271.0,-107.0,43992.0,36088.0,33956.0,34996.0,29692.0,14300.0,9.0,12.0,11.0,12.0,10.0,-1.0,,,,,Food Production,,,,,,,,,,,
Siskiyou,13.0,10.0,14.0,9.0,11.0,2.0,42536.0,33592.0,16068.0,15756.0,12272.0,30264.0,7.0,5.0,6.0,4.0,4.0,3.0,,,,,Food Production,,,,,,,,,,,
Solano,3151.0,3252.0,3205.0,2455.0,2613.0,539.0,61516.0,59124.0,53716.0,56576.0,53092.0,8424.0,52.0,51.0,48.0,46.0,45.0,7.0,,,,,Food Production,,,,,,,,,,,
Sonoma,3847.0,4125.0,4632.0,4237.0,4020.0,-172.0,68068.0,70096.0,63440.0,66508.0,59228.0,8840.0,123.0,124.0,121.0,104.0,96.0,27.0,,,,,Food Production,,,,,,,,,,,
Stanislaus,10581.0,10342.0,9467.0,9076.0,8822.0,1759.0,69784.0,64688.0,60112.0,56368.0,53560.0,16224.0,136.0,132.0,132.0,131.0,128.0,8.0,,,,,Food Production,,,,,,,,,,,
Tehama,248.0,245.0,251.0,251.0,258.0,-10.0,71136.0,56628.0,54236.0,50752.0,45812.0,25324.0,10.0,8.0,9.0,9.0,9.0,1.0,,,,,Food Production,,,,,,,,,,,
Tulare,7778.0,7470.0,7198.0,6758.0,6498.0,1281.0,70512.0,67080.0,61256.0,58136.0,57096.0,13416.0,82.0,76.0,73.0,61.0,59.0,23.0,,,,,Food Production,,,,,,,,,,,
Tuolumne,128.0,106.0,125.0,124.0,115.0,13.0,44200.0,47268.0,47216.0,47892.0,45656.0,-1456.0,6.0,6.0,5.0,5.0,5.0,1.0,,,,,Food Production,,,,,,,,,,,
Ventura,2192.0,1461.0,1627.0,1456.0,1495.0,697.0,61880.0,56368.0,52780.0,53664.0,52884.0,8996.0,88.0,81.0,83.0,80.0,75.0,13.0,,,,,Food Production,,,,,,,,,,,
Yolo,1305.0,1320.0,1105.0,1162.0,1024.0,281.0,70928.0,64376.0,65052.0,54028.0,57564.0,13364.0,42.0,37.0,39.0,30.0,28.0,14.0,,,,,Food Production,,,,,,,,,,,
Yuba,50.0,35.0,31.0,34.0,31.0,19.0,34528.0,36296.0,37284.0,38064.0,40144.0,-5616.0,8.0,8.0,6.0,6.0,6.0,2.0,,,,,Food Production,,,,,,,,,,,
Unknown Or Undefined,1139.0,843.0,917.0,789.0,777.0,362.0,167128.0,215644.0,180648.0,182780.0,194376.0,-27248.0,231.0,216.0,220.0,187.0,176.0,55.0,,,,,Food Production,,,,,,,,,,,
Alameda,219.0,150.0,181.0,196.0,269.0,-50.0,63284.0,28028.0,37284.0,45240.0,39104.0,24180.0,22.0,19.0,22.0,23.0,25.0,-3.0,-5949.0,2398.5,-446.0,13837.1384,Garment,,,0.7651304831,0.7879581152,2195.0,0.2031890661,28063.0,0.2119873143,,,
Imperial,28.0,,,,,,66508.0,,,,,,3.0,,,,,,,,,,Garment,,,,,,,,,,,
Los Angeles,17693.0,19253.0,20570.0,18459.0,21897.0,-4203.0,63492.0,59488.0,51584.0,49868.0,49140.0,14352.0,1378.0,1401.0,1531.0,1591.0,1766.0,-388.0,,,,,Garment,,,,,,,,,,,
Orange,2304.0,3000.0,3260.0,2918.0,3430.0,-1126.0,74984.0,71916.0,62712.0,58968.0,63492.0,11492.0,162.0,161.0,173.0,180.0,189.0,-27.0,,,,,Garment,,,,,,,,,,,
Riverside,56.0,,,,,,38116.0,,,,,,16.0,,,,,,,,,,Garment,,,,,,,,,,,
Sacramento,20.0,,,,,,44460.0,,,,,,7.0,,,,,,,,,,Garment,,,,,,,,,,,
San Bernardino,62.0,80.0,,71.0,105.0,-43.0,27404.0,38220.0,,25740.0,30732.0,-3328.0,15.0,19.0,,23.0,28.0,-13.0,,,,,Garment,,,,,,,,,,,
San Diego,918.0,1187.0,1206.0,1242.0,1369.0,-451.0,79300.0,74516.0,66976.0,61360.0,62140.0,17160.0,63.0,65.0,70.0,69.0,74.0,-11.0,,,,,Garment,,,,,,,,,,,
San Luis Obispo,145.0,141.0,,,,,46332.0,42484.0,,,,,4.0,4.0,,,,,,,,,Garment,,,,,,,,,,,
San Mateo,83.0,112.0,139.0,129.0,154.0,-71.0,37492.0,32968.0,34892.0,50752.0,53092.0,-15600.0,7.0,7.0,7.0,10.0,11.0,-4.0,,,,,Garment,,,,,,,,,,,
Santa Cruz,46.0,48.0,54.0,35.0,38.0,8.0,56264.0,49036.0,39572.0,40092.0,43368.0,12896.0,5.0,5.0,5.0,4.0,3.0,2.0,,,,,Garment,,,,,,,,,,,
Unknown Or Undefined,37.0,68.0,67.0,41.0,49.0,-13.0,89492.0,87880.0,92092.0,107380.0,131456.0,-41964.0,19.0,20.0,17.0,23.0,21.0,-2.0,,,,,Garment,,,,,,,,,,,
Marin,,87.0,89.0,74.0,111.0,,,52624.0,52312.0,56784.0,47268.0,,,7.0,7.0,8.0,8.0,,,,,,Garment,,,,,,,,,,,
Santa Barbara,,6.0,,,,,,35776.0,,,,,,5.0,,,,,,,,,Garment,,,,,,,,,,,
Ventura,,,24.0,21.0,24.0,,,,53300.0,82420.0,51896.0,,,,10.0,10.0,12.0,,,,,,Garment,,,,,,,,,,,
San Francisco,,,,,618.0,,,,,,55640.0,,,,,,58.0,,,,,,Garment,,,,,,,,,,,
,,,,,,,,,,,,,,,,,,,,,,,Garment,,,,,,,,,,,
,,,,,,,,,,,,,0.7879581152,,,,,,,,,,Garment,,,,,,,,,,,
Alameda,4170.0,5197.0,3614.0,3462.0,3532.0,638.0,35308.0,41704.0,33956.0,32812.0,31408.0,3900.0,345.0,323.0,284.0,280.0,271.0,74.0,-1784.0,2019.534884,503.0,6571.615235,Janitorial,,,,,,,,,,,
Butte,298.0,301.0,292.0,436.0,487.0,-190.0,27404.0,27040.0,25584.0,26624.0,24908.0,2496.0,42.0,41.0,40.0,36.0,31.0,11.0,,,,,Janitorial,,,,,,,,,,,
Contra Costa,3361.0,3327.0,3169.0,2896.0,3039.0,322.0,37492.0,37024.0,33852.0,32500.0,31460.0,6032.0,308.0,288.0,268.0,245.0,230.0,78.0,,,,,Janitorial,,,,,,,,,,,
El Dorado,273.0,280.0,251.0,273.0,304.0,-31.0,32292.0,31616.0,28288.0,25584.0,23244.0,9048.0,39.0,40.0,38.0,39.0,38.0,1.0,,,,,Janitorial,,,,,,,,,,,
Fresno,1871.0,2195.0,2127.0,2082.0,2167.0,-296.0,27924.0,29432.0,26780.0,25376.0,24284.0,3640.0,161.0,152.0,139.0,141.0,130.0,31.0,,,,,Janitorial,,,,,,,,,,,
Glenn,26.0,,,,,,29328.0,,,,,,4.0,,,,,,,,,,Janitorial,,,,,,,,,,,
Humboldt,138.0,138.0,145.0,144.0,156.0,-18.0,25220.0,24388.0,25272.0,20800.0,20540.0,4680.0,13.0,13.0,11.0,11.0,11.0,2.0,,,,,Janitorial,,,,,,,,,,,
Imperial,237.0,239.0,244.0,250.0,270.0,-33.0,35984.0,36296.0,29952.0,29380.0,25896.0,10088.0,15.0,12.0,14.0,14.0,16.0,-1.0,,,,,Janitorial,,,,,,,,,,,
Kern,1027.0,1044.0,1271.0,1182.0,1385.0,-358.0,30212.0,30732.0,28652.0,27612.0,26520.0,3692.0,135.0,120.0,124.0,120.0,116.0,19.0,,,,,Janitorial,,,,,,,,,,,
Kings,118.0,126.0,111.0,,,,34788.0,35100.0,33228.0,,,,15.0,12.0,10.0,,,,,,,,Janitorial,,,,,,,,,,,
Lake,14.0,,23.0,18.0,23.0,-9.0,22412.0,,28132.0,25792.0,20332.0,2080.0,8.0,,6.0,7.0,7.0,1.0,,,,,Janitorial,,,,,,,,,,,
Los Angeles,27038.0,27411.0,27729.0,25915.0,28871.0,-1833.0,39884.0,38324.0,35412.0,35048.0,33748.0,6136.0,1792.0,1681.0,1582.0,1548.0,1528.0,264.0,,,,,Janitorial,,,,,,,,,,,
Madera,89.0,95.0,73.0,85.0,97.0,-8.0,31772.0,33748.0,30576.0,24076.0,23348.0,8424.0,19.0,20.0,17.0,12.0,11.0,8.0,,,,,Janitorial,,,,,,,,,,,
Marin,1798.0,1738.0,1669.0,1521.0,1801.0,-3.0,38948.0,37024.0,34372.0,31304.0,29692.0,9256.0,79.0,79.0,69.0,71.0,73.0,6.0,,,,,Janitorial,,,,,,,,,,,
Mendocino,159.0,157.0,146.0,156.0,155.0,4.0,38792.0,38948.0,34008.0,33072.0,28340.0,10452.0,19.0,18.0,17.0,17.0,16.0,3.0,,,,,Janitorial,,,,,,,,,,,
Merced,204.0,205.0,211.0,222.0,173.0,32.0,29640.0,30316.0,27768.0,24180.0,22724.0,6916.0,33.0,28.0,30.0,31.0,27.0,6.0,,,,,Janitorial,,,,,,,,,,,
Mono,82.0,73.0,58.0,49.0,49.0,33.0,36764.0,34580.0,31772.0,27820.0,26104.0,10660.0,19.0,18.0,14.0,11.0,11.0,8.0,,,,,Janitorial,,,,,,,,,,,
Monterey,640.0,675.0,710.0,600.0,650.0,-10.0,32500.0,33072.0,29796.0,27300.0,26468.0,6032.0,110.0,98.0,89.0,84.0,87.0,23.0,,,,,Janitorial,,,,,,,,,,,
Napa,464.0,457.0,421.0,414.0,454.0,10.0,33280.0,33748.0,29276.0,25636.0,26000.0,7280.0,42.0,42.0,37.0,36.0,36.0,6.0,,,,,Janitorial,,,,,,,,,,,
Nevada,213.0,151.0,145.0,130.0,131.0,82.0,36348.0,33852.0,32552.0,32448.0,28028.0,8320.0,28.0,23.0,26.0,23.0,20.0,8.0,,,,,Janitorial,,,,,,,,,,,
Orange,17656.0,17998.0,18350.0,17364.0,17976.0,-320.0,32656.0,32032.0,30108.0,27144.0,25532.0,7124.0,719.0,671.0,632.0,612.0,588.0,131.0,,,,,Janitorial,,,,,,,,,,,
Placer,936.0,934.0,836.0,789.0,839.0,96.0,28340.0,29276.0,27976.0,24752.0,22412.0,5928.0,108.0,104.0,94.0,94.0,92.0,16.0,,,,,Janitorial,,,,,,,,,,,
Riverside,3748.0,3291.0,3305.0,3203.0,3232.0,516.0,31304.0,30628.0,28496.0,25948.0,24336.0,6968.0,472.0,438.0,393.0,384.0,363.0,109.0,,,,,Janitorial,,,,,,,,,,,
Sacramento,4814.0,4556.0,5638.0,5736.0,5463.0,-649.0,32448.0,31824.0,31408.0,29536.0,30732.0,1716.0,334.0,323.0,263.0,267.0,250.0,84.0,,,,,Janitorial,,,,,,,,,,,
San Benito,17.0,19.0,13.0,8.0,,,54860.0,42380.0,45292.0,16380.0,,,8.0,7.0,7.0,4.0,,,,,,,Janitorial,,,,,,,,,,,
San Bernardino,2184.0,2254.0,2314.0,2118.0,2094.0,90.0,34008.0,34424.0,31616.0,29952.0,27508.0,6500.0,341.0,311.0,289.0,262.0,245.0,96.0,,,,,Janitorial,,,,,,,,,,,
San Diego,10557.0,10151.0,10444.0,9861.0,9971.0,586.0,34632.0,33696.0,30056.0,28496.0,26832.0,7800.0,778.0,717.0,669.0,658.0,637.0,141.0,,,,,Janitorial,,,,,,,,,,,
San Francisco,3765.0,3983.0,5897.0,5805.0,6707.0,-2942.0,49920.0,48724.0,75556.0,58032.0,56212.0,-6292.0,234.0,239.0,221.0,227.0,228.0,6.0,,,,,Janitorial,,,,,,,,,,,
San Joaquin,1548.0,1660.0,1653.0,1422.0,1630.0,-82.0,34008.0,33540.0,31512.0,31304.0,26104.0,7904.0,148.0,140.0,134.0,131.0,131.0,17.0,,,,,Janitorial,,,,,,,,,,,
San Luis Obispo,930.0,919.0,900.0,865.0,816.0,114.0,29016.0,29276.0,27560.0,24648.0,22464.0,6552.0,83.0,76.0,68.0,71.0,70.0,13.0,,,,,Janitorial,,,,,,,,,,,
San Mateo,3360.0,3579.0,3138.0,2796.0,3305.0,55.0,42848.0,40716.0,35880.0,35620.0,35152.0,7696.0,251.0,243.0,208.0,206.0,203.0,48.0,,,,,Janitorial,,,,,,,,,,,
Santa Barbara,1542.0,1626.0,1553.0,1370.0,1427.0,115.0,29900.0,28548.0,26052.0,24076.0,22724.0,7176.0,129.0,123.0,115.0,108.0,99.0,30.0,,,,,Janitorial,,,,,,,,,,,
Santa Clara,10698.0,11846.0,11214.0,10878.0,12244.0,-1546.0,47528.0,48776.0,40248.0,37700.0,36452.0,11076.0,510.0,487.0,443.0,435.0,436.0,74.0,,,,,Janitorial,,,,,,,,,,,
Santa Cruz,704.0,672.0,718.0,700.0,753.0,-49.0,35100.0,34892.0,32916.0,31408.0,28288.0,6812.0,58.0,53.0,52.0,48.0,52.0,6.0,,,,,Janitorial,,,,,,,,,,,
Shasta,358.0,322.0,352.0,373.0,371.0,-13.0,28184.0,28236.0,24596.0,23400.0,20696.0,7488.0,29.0,26.0,27.0,24.0,21.0,8.0,,,,,Janitorial,,,,,,,,,,,
Siskiyou,19.0,,,,20.0,-1.0,28964.0,,,,16276.0,12688.0,7.0,,,,4.0,3.0,,,,,Janitorial,,,,,,,,,,,
Solano,522.0,504.0,388.0,332.0,311.0,211.0,36972.0,35256.0,28184.0,28548.0,24908.0,12064.0,81.0,74.0,63.0,62.0,60.0,21.0,,,,,Janitorial,,,,,,,,,,,
Sonoma,2269.0,1947.0,1652.0,1629.0,1596.0,673.0,36556.0,36712.0,31616.0,30836.0,27352.0,9204.0,117.0,114.0,115.0,119.0,113.0,4.0,,,,,Janitorial,,,,,,,,,,,
Stanislaus,965.0,991.0,876.0,883.0,772.0,193.0,31928.0,35932.0,28028.0,26520.0,22568.0,9360.0,90.0,90.0,82.0,80.0,74.0,16.0,,,,,Janitorial,,,,,,,,,,,
Sutter,73.0,75.0,47.0,46.0,50.0,23.0,30004.0,35204.0,26312.0,17004.0,19448.0,10556.0,12.0,11.0,12.0,8.0,10.0,2.0,,,,,Janitorial,,,,,,,,,,,
Tehama,17.0,,,,,,13520.0,,,,,,5.0,,,,,,,,,,Janitorial,,,,,,,,,,,
Tulare,813.0,807.0,761.0,712.0,806.0,6.0,29484.0,27976.0,26832.0,26364.0,22360.0,7124.0,52.0,42.0,45.0,43.0,37.0,15.0,,,,,Janitorial,,,,,,,,,,,
Tuolumne,128.0,133.0,144.0,154.0,118.0,10.0,35984.0,36036.0,33956.0,31564.0,27352.0,8632.0,11.0,10.0,11.0,9.0,8.0,3.0,,,,,Janitorial,,,,,,,,,,,
Ventura,1373.0,1367.0,1097.0,999.0,998.0,374.0,33124.0,32656.0,29744.0,26676.0,24232.0,8892.0,192.0,180.0,167.0,160.0,161.0,31.0,,,,,Janitorial,,,,,,,,,,,
Yolo,604.0,577.0,578.0,643.0,853.0,-249.0,25896.0,30056.0,27872.0,31304.0,27872.0,-1976.0,34.0,29.0,32.0,29.0,31.0,3.0,,,,,Janitorial,,,,,,,,,,,
Yuba,77.0,83.0,87.0,94.0,127.0,-50.0,40092.0,38376.0,31096.0,31148.0,24908.0,15184.0,5.0,6.0,8.0,10.0,11.0,-6.0,,,,,Janitorial,,,,,,,,,,,
Unknown Or Undefined,2610.0,3220.0,3129.0,2542.0,2675.0,-65.0,44148.0,45500.0,48308.0,34268.0,33904.0,10244.0,177.0,166.0,163.0,148.0,152.0,25.0,,,,,Janitorial,,,,,,,,,,,
Inyo,,23.0,,,,,,12064.0,,,,,,3.0,,,,,,,,,Janitorial,,,,,,,,,,,
Calaveras,,,23.0,,71.0,,,,30368.0,,24024.0,,,,7.0,,8.0,,,,,,Janitorial,,,,,,,,,,,
Mariposa,,,,8.0,,,,,,9828.0,,,,,,3.0,,,,,,,Janitorial,,,,,,,,,,,
Alameda,47547.0,48417.0,46733.0,36152.0,52434.0,-4887.0,32240.0,31408.0,29432.0,26208.0,25688.0,6552.0,3552.0,3451.0,3419.0,3357.0,3499.0,53.0,-3756.0,1755.245283,537.0,7033.291603,Restaurant,,,,,,,,,2022.0,1321915.0,
Amador,889.0,815.0,863.0,699.0,791.0,98.0,23816.0,23348.0,21944.0,20488.0,19136.0,4680.0,74.0,71.0,69.0,68.0,71.0,3.0,,,,,Restaurant,,,,,,,,,2021.0,1173402.0,
Butte,6323.0,6273.0,6512.0,5733.0,6783.0,-460.0,24596.0,23660.0,21736.0,20488.0,19344.0,5252.0,347.0,339.0,337.0,338.0,343.0,4.0,,,,,Restaurant,,,,,,,,,2020.0,1058508.0,
Calaveras,885.0,883.0,983.0,768.0,,116.0,24388.0,23920.0,21944.0,19552.0,,4836.0,84.0,80.0,85.0,81.0,,3.0,,,,,Restaurant,,,,,,,,,2019.0,1356637.0,
Colusa,464.0,417.0,421.0,332.0,387.0,77.0,26572.0,27248.0,25116.0,24492.0,22516.0,4056.0,33.0,31.0,29.0,26.0,23.0,10.0,,,,,Restaurant,,,,,,,,,2018.0,1336241.0,
Contra Costa,29711.0,29577.0,29130.0,23149.0,30789.0,-1079.0,30680.0,29432.0,26936.0,23556.0,23712.0,6968.0,1936.0,1854.0,1784.0,1765.0,1794.0,142.0,,,,,Restaurant,,,,,,,,,2017.0,1305909.0,
El Dorado,5598.0,5545.0,5600.0,4612.0,5432.0,166.0,28756.0,27404.0,25584.0,22152.0,22204.0,6552.0,384.0,365.0,361.0,347.0,349.0,35.0,,,,,Restaurant,,,,,,,,,2016.0,1269005.0,
Fresno,27706.0,28397.0,27896.0,23017.0,27225.0,481.0,26208.0,25636.0,23348.0,20696.0,19864.0,6344.0,1578.0,1540.0,1495.0,1488.0,1489.0,89.0,,,,,Restaurant,,,,,,,,,2015.0,1219925.0,
Glenn,511.0,533.0,543.0,527.0,588.0,-77.0,24804.0,24752.0,22724.0,20072.0,19396.0,5408.0,44.0,40.0,40.0,41.0,42.0,2.0,,,,,Restaurant,,,,,,,,,2014.0,1172444.0,
Humboldt,3590.0,3649.0,3689.0,3067.0,3771.0,-181.0,24908.0,23660.0,22412.0,21060.0,19344.0,5564.0,278.0,271.0,264.0,261.0,268.0,10.0,,,,,Restaurant,,,,,,,,,2013.0,1111945.0,
Imperial,3802.0,3803.0,3836.0,3074.0,3792.0,10.0,26156.0,24908.0,22828.0,20592.0,20228.0,5928.0,223.0,214.0,207.0,209.0,222.0,1.0,,,,,Restaurant,,,,,,,,,2012.0,1057532.0,
Inyo,709.0,664.0,720.0,567.0,719.0,-10.0,27976.0,26624.0,25636.0,22568.0,21164.0,6812.0,49.0,47.0,52.0,51.0,49.0,0.0,,,,,Restaurant,,,,,,,,,2011.0,1008073.0,
Kern,24068.0,24318.0,23774.0,20055.0,22081.0,1988.0,26156.0,25168.0,23296.0,21268.0,20176.0,5980.0,1367.0,1304.0,1264.0,1225.0,1213.0,154.0,,,,,Restaurant,,,,,,,,,,,
Kings,3367.0,3336.0,3471.0,2919.0,3256.0,110.0,23192.0,22256.0,21268.0,19968.0,18252.0,4940.0,196.0,190.0,178.0,168.0,167.0,29.0,,,,,Restaurant,,,,,,,,,,,
Lake,873.0,886.0,985.0,824.0,929.0,-56.0,24908.0,23348.0,20384.0,19760.0,17524.0,7384.0,93.0,91.0,89.0,82.0,89.0,4.0,,,,,Restaurant,,,,,,,,,,,
Lassen,391.0,,,377.0,443.0,-53.0,23556.0,,,20540.0,17784.0,5772.0,28.0,,,31.0,30.0,-2.0,,,,,Restaurant,,,,,,,,,,,
Los Angeles,352432.0,350729.0,335411.0,260339.0,361347.0,-8915.0,32500.0,31616.0,28964.0,24544.0,25116.0,7384.0,21099.0,20315.0,19844.0,19445.0,19938.0,1161.0,,,,,Restaurant,,,,,,,,,,,
Madera,2802.0,2568.0,2553.0,2201.0,2275.0,527.0,24336.0,22776.0,21632.0,20384.0,18824.0,5512.0,201.0,183.0,173.0,159.0,157.0,44.0,,,,,Restaurant,,,,,,,,,,,
Marin,9637.0,9558.0,9233.0,7207.0,10515.0,-878.0,35100.0,33540.0,33072.0,28340.0,27300.0,7800.0,537.0,532.0,519.0,538.0,562.0,-25.0,,,,,Restaurant,,,,,,,,,,,
Mariposa,284.0,259.0,285.0,206.0,261.0,23.0,24544.0,23504.0,23244.0,21372.0,18720.0,5824.0,24.0,21.0,22.0,20.0,17.0,7.0,,,,,Restaurant,,,,,,,,,,,
Mendocino,2387.0,2312.0,2297.0,1958.0,2531.0,-144.0,25844.0,24804.0,23452.0,21944.0,19552.0,6292.0,204.0,195.0,186.0,181.0,195.0,9.0,,,,,Restaurant,,,,,,,,,,,
Merced,5813.0,5847.0,5693.0,4651.0,5169.0,643.0,23868.0,22256.0,21008.0,19344.0,18772.0,5096.0,343.0,326.0,320.0,307.0,296.0,47.0,,,,,Restaurant,,,,,,,,,,,
Mono,1002.0,925.0,946.0,629.0,1030.0,-28.0,33124.0,32656.0,29796.0,22464.0,23556.0,9568.0,67.0,66.0,69.0,65.0,69.0,-2.0,,,,,Restaurant,,,,,,,,,,,
Monterey,13669.0,13748.0,13093.0,10063.0,13904.0,-235.0,30576.0,28912.0,28340.0,23556.0,23140.0,7436.0,792.0,766.0,762.0,750.0,777.0,15.0,,,,,Restaurant,,,,,,,,,,,
Napa,6271.0,6540.0,6203.0,4364.0,6513.0,-242.0,40508.0,38792.0,36972.0,30732.0,31928.0,8580.0,281.0,267.0,258.0,256.0,255.0,26.0,,,,,Restaurant,,,,,,,,,,,
Nevada,2929.0,2687.0,2761.0,2173.0,2963.0,-34.0,29276.0,27872.0,26312.0,23712.0,22932.0,6344.0,197.0,182.0,180.0,182.0,186.0,11.0,,,,,Restaurant,,,,,,,,,,,
Orange,138946.0,137676.0,132440.0,107070.0,135955.0,2990.0,30680.0,29796.0,27508.0,23244.0,23296.0,7384.0,7581.0,7300.0,7167.0,7000.0,7097.0,484.0,,,,,Restaurant,,,,,,,,,,,
Placer,16868.0,16713.0,16200.0,13200.0,15685.0,1183.0,29692.0,27872.0,26364.0,23036.0,22672.0,7020.0,913.0,872.0,828.0,784.0,800.0,113.0,,,,,Restaurant,,,,,,,,,,,
Plumas,209.0,,,191.0,278.0,-69.0,20384.0,,,15496.0,15080.0,5304.0,55.0,,,54.0,56.0,-1.0,,,,,Restaurant,,,,,,,,,,,
Riverside,75153.0,75799.0,72298.0,58694.0,69261.0,5891.0,28912.0,27716.0,26156.0,22516.0,22204.0,6708.0,3955.0,3809.0,3651.0,3499.0,3528.0,427.0,,,,,Restaurant,,,,,,,,,,,
Sacramento,48512.0,48763.0,47817.0,38128.0,49300.0,-788.0,27664.0,26520.0,24596.0,21788.0,21268.0,6396.0,2924.0,2785.0,2654.0,2595.0,2661.0,263.0,,,,,Restaurant,,,,,,,,,,,
San Benito,1379.0,1457.0,1388.0,1195.0,1313.0,66.0,26832.0,25168.0,24180.0,22048.0,20956.0,5876.0,95.0,92.0,84.0,86.0,82.0,13.0,,,,,Restaurant,,,,,,,,,,,
San Bernardino,66839.0,66651.0,64068.0,53582.0,62443.0,4396.0,27560.0,26312.0,24596.0,21632.0,21268.0,6292.0,3678.0,3513.0,3404.0,3282.0,3310.0,368.0,,,,,Restaurant,,,,,,,,,,,
San Diego,126719.0,126316.0,121052.0,92531.0,124306.0,2413.0,30940.0,30056.0,27248.0,23244.0,23400.0,7540.0,6767.0,6532.0,6369.0,6174.0,6375.0,392.0,,,,,Restaurant,,,,,,,,,,,
San Francisco,45337.0,45339.0,41087.0,25595.0,53458.0,-8121.0,40924.0,40456.0,36504.0,31304.0,33020.0,7904.0,3133.0,3079.0,3035.0,3086.0,3278.0,-145.0,,,,,Restaurant,,,,,,,,,,,
San Joaquin,18803.0,19016.0,19159.0,15714.0,17898.0,905.0,26156.0,24908.0,23036.0,21112.0,20176.0,5980.0,1101.0,1058.0,1028.0,1008.0,1013.0,88.0,,,,,Restaurant,,,,,,,,,,,
San Luis Obispo,12124.0,12182.0,12133.0,9682.0,12144.0,-20.0,27716.0,26416.0,25116.0,22100.0,21580.0,6136.0,729.0,702.0,696.0,679.0,698.0,31.0,,,,,Restaurant,,,,,,,,,,,
San Mateo,25975.0,25645.0,24374.0,17961.0,26429.0,-454.0,37908.0,35828.0,32864.0,28652.0,30056.0,7852.0,1640.0,1594.0,1573.0,1572.0,1628.0,12.0,,,,,Restaurant,,,,,,,,,,,
Santa Barbara,17814.0,18000.0,17488.0,13051.0,17362.0,452.0,29952.0,28912.0,27352.0,24128.0,22984.0,6968.0,952.0,935.0,904.0,904.0,914.0,38.0,,,,,Restaurant,,,,,,,,,,,
Santa Clara,63080.0,63189.0,59445.0,44632.0,66459.0,-3379.0,34840.0,33592.0,30264.0,26416.0,28288.0,6552.0,3990.0,3875.0,3795.0,3752.0,3868.0,122.0,,,,,Restaurant,,,,,,,,,,,
Santa Cruz,9146.0,9200.0,9178.0,6853.0,9584.0,-438.0,30368.0,28600.0,27716.0,24284.0,22568.0,7800.0,541.0,525.0,518.0,512.0,526.0,15.0,,,,,Restaurant,,,,,,,,,,,
Shasta,4873.0,4949.0,4910.0,4438.0,4840.0,33.0,25220.0,24128.0,22516.0,20904.0,19604.0,5616.0,305.0,300.0,311.0,302.0,290.0,15.0,,,,,Restaurant,,,,,,,,,,,
Sierra,34.0,28.0,23.0,,31.0,3.0,20124.0,21996.0,25844.0,,16016.0,4108.0,12.0,8.0,8.0,,7.0,5.0,,,,,Restaurant,,,,,,,,,,,
Siskiyou,893.0,936.0,898.0,700.0,853.0,40.0,31668.0,27664.0,28444.0,22932.0,22568.0,9100.0,81.0,80.0,75.0,77.0,79.0,2.0,,,,,Restaurant,,,,,,,,,,,
Solano,12216.0,12197.0,11504.0,9651.0,11824.0,392.0,27716.0,27508.0,25324.0,22672.0,21996.0,5720.0,722.0,698.0,671.0,651.0,661.0,61.0,,,,,Restaurant,,,,,,,,,,,
Sonoma,15950.0,15522.0,15479.0,11361.0,15919.0,32.0,31824.0,30576.0,27872.0,24492.0,24128.0,7696.0,989.0,958.0,951.0,946.0,967.0,22.0,,,,,Restaurant,,,,,,,,,,,
Stanislaus,17042.0,17333.0,16774.0,13644.0,15362.0,1679.0,28704.0,26572.0,24284.0,22464.0,19240.0,9464.0,885.0,845.0,835.0,802.0,806.0,79.0,,,,,Restaurant,,,,,,,,,,,
Sutter,2696.0,2930.0,2949.0,2398.0,2763.0,-67.0,25532.0,23348.0,21684.0,20540.0,19656.0,5876.0,165.0,160.0,149.0,154.0,158.0,7.0,,,,,Restaurant,,,,,,,,,,,
Tehama,1094.0,1072.0,1188.0,1060.0,1179.0,-86.0,25636.0,24024.0,21476.0,19344.0,18200.0,7436.0,98.0,88.0,89.0,88.0,83.0,15.0,,,,,Restaurant,,,,,,,,,,,
Trinity,107.0,120.0,130.0,140.0,,,21060.0,19760.0,17212.0,18460.0,,,20.0,19.0,19.0,20.0,,,,,,,Restaurant,,,,,,,,,,,
Tulare,11697.0,11804.0,11485.0,9162.0,10420.0,1277.0,24700.0,23556.0,21528.0,19760.0,20904.0,3796.0,678.0,653.0,622.0,589.0,589.0,89.0,,,,,Restaurant,,,,,,,,,,,
Tuolumne,1370.0,1312.0,1323.0,1110.0,1316.0,54.0,25844.0,24388.0,22672.0,20904.0,19188.0,6656.0,108.0,105.0,104.0,105.0,112.0,-4.0,,,,,Restaurant,,,,,,,,,,,
Ventura,28727.0,28697.0,27593.0,22626.0,27949.0,778.0,28496.0,27664.0,25532.0,22204.0,21684.0,6812.0,1539.0,1472.0,1436.0,1408.0,1428.0,111.0,,,,,Restaurant,,,,,,,,,,,
Yolo,6026.0,5937.0,5711.0,4673.0,6088.0,-62.0,26364.0,25896.0,23660.0,21372.0,19812.0,6552.0,370.0,349.0,334.0,337.0,344.0,26.0,,,,,Restaurant,,,,,,,,,,,
Yuba,1013.0,1127.0,1071.0,972.0,1012.0,1.0,25428.0,22516.0,20384.0,19344.0,18148.0,7280.0,70.0,65.0,64.0,63.0,68.0,2.0,,,,,Restaurant,,,,,,,,,,,
Unknown Or Undefined,2004.0,1944.0,1943.0,1372.0,,,77324.0,68016.0,47892.0,43420.0,,,264.0,247.0,234.0,182.0,,,,,,,Restaurant,,,,,,,,,,,
Alpine,,35.0,,,25.0,,,32708.0,,,17420.0,,,3.0,,,4.0,,,,,,Restaurant,,,,,,,,,,,
Del Norte,,,433.0,387.0,464.0,,,,25636.0,22048.0,18512.0,,,,32.0,34.0,34.0,,,,,,Restaurant,,,,,,,,,,,
Modoc,,,,110.0,119.0,,,,,16796.0,16900.0,,,,,17.0,18.0,,,,,,Restaurant,,,,,,,,,,,
Alameda,13023.0,13029.0,12121.0,12276.0,12253.0,770.0,43680.0,41704.0,39000.0,37024.0,36712.0,6968.0,378.0,373.0,366.0,355.0,346.0,32.0,7060.0,2241.652174,117.0,7468.183663,Retail,,,,,,,,,,,704.3940987
Butte,1585.0,1679.0,1737.0,1732.0,1603.0,-18.0,37804.0,36348.0,32968.0,32344.0,33436.0,4368.0,42.0,43.0,42.0,42.0,43.0,-1.0,,,,,Retail,,,,,,,,,,,
Contra Costa,10130.0,10362.0,9981.0,10463.0,9030.0,1100.0,53196.0,51012.0,49348.0,42900.0,36452.0,16744.0,223.0,222.0,218.0,221.0,211.0,12.0,,,,,Retail,,,,,,,,,,,
El Dorado,1760.0,1876.0,1872.0,2084.0,1736.0,24.0,39208.0,37440.0,35932.0,32188.0,34580.0,4628.0,34.0,36.0,35.0,36.0,39.0,-5.0,,,,,Retail,,,,,,,,,,,
Fresno,6207.0,6269.0,6306.0,6339.0,5955.0,252.0,36712.0,35984.0,33124.0,31772.0,31668.0,5044.0,260.0,259.0,254.0,254.0,246.0,14.0,,,,,Retail,,,,,,,,,,,
Glenn,118.0,146.0,151.0,140.0,121.0,-3.0,27456.0,27872.0,26208.0,26000.0,25896.0,1560.0,5.0,6.0,6.0,6.0,5.0,0.0,,,,,Retail,,,,,,,,,,,
Humboldt,1441.0,1503.0,1474.0,1367.0,1372.0,68.0,36348.0,34268.0,32864.0,32136.0,31096.0,5252.0,42.0,42.0,43.0,42.0,46.0,-4.0,,,,,Retail,,,,,,,,,,,
Imperial,830.0,869.0,847.0,867.0,851.0,-21.0,38324.0,37388.0,35360.0,31772.0,31096.0,7228.0,32.0,33.0,32.0,31.0,31.0,1.0,,,,,Retail,,,,,,,,,,,
Kern,5681.0,5848.0,5928.0,5661.0,5301.0,380.0,36660.0,35152.0,33124.0,30212.0,30108.0,6552.0,195.0,191.0,188.0,184.0,180.0,15.0,,,,,Retail,,,,,,,,,,,
Kings,692.0,712.0,690.0,666.0,656.0,36.0,37180.0,36036.0,32552.0,33488.0,31044.0,6136.0,40.0,40.0,37.0,34.0,36.0,4.0,,,,,Retail,,,,,,,,,,,
Lake,782.0,827.0,838.0,845.0,717.0,65.0,36140.0,34216.0,32604.0,30628.0,31148.0,4992.0,22.0,22.0,25.0,25.0,25.0,-3.0,,,,,Retail,,,,,,,,,,,
Lassen,187.0,190.0,195.0,200.0,154.0,33.0,38168.0,37492.0,35256.0,30056.0,32032.0,6136.0,7.0,7.0,7.0,7.0,6.0,1.0,,,,,Retail,,,,,,,,,,,
Los Angeles,79549.0,78850.0,74983.0,77392.0,75038.0,4511.0,42068.0,41236.0,36608.0,33800.0,34060.0,8008.0,1899.0,1885.0,1878.0,1854.0,1845.0,54.0,,,,,Retail,,,,,,,,,,,
Madera,1004.0,1059.0,1113.0,1172.0,921.0,83.0,39000.0,37908.0,33644.0,32760.0,33124.0,5876.0,33.0,32.0,31.0,32.0,30.0,3.0,,,,,Retail,,,,,,,,,,,
Marin,3650.0,3708.0,3593.0,3978.0,3890.0,-240.0,44720.0,41912.0,40820.0,36920.0,36608.0,8112.0,68.0,72.0,75.0,75.0,74.0,-6.0,,,,,Retail,,,,,,,,,,,
Mendocino,1207.0,1245.0,1263.0,1273.0,1188.0,19.0,37856.0,36660.0,34320.0,32812.0,32344.0,5512.0,44.0,44.0,45.0,46.0,44.0,0.0,,,,,Retail,,,,,,,,,,,
Merced,1448.0,1465.0,1523.0,1496.0,1375.0,73.0,35308.0,34996.0,31980.0,31668.0,30836.0,4472.0,58.0,57.0,59.0,57.0,55.0,3.0,,,,,Retail,,,,,,,,,,,
Modoc,92.0,,,100.0,,,29380.0,,,24024.0,,,6.0,,,6.0,,,,,,,Retail,,,,,,,,,,,
Monterey,3440.0,3337.0,3265.0,3426.0,3173.0,267.0,39156.0,43004.0,37388.0,34320.0,35360.0,3796.0,114.0,113.0,112.0,109.0,106.0,8.0,,,,,Retail,,,,,,,,,,,
Napa,1598.0,1594.0,1625.0,1802.0,1644.0,-45.0,42224.0,41184.0,37128.0,33280.0,34060.0,8164.0,39.0,39.0,42.0,43.0,41.0,-2.0,,,,,Retail,,,,,,,,,,,
Nevada,1375.0,1302.0,1346.0,1440.0,1180.0,195.0,38896.0,38480.0,37440.0,33748.0,35568.0,3328.0,32.0,32.0,31.0,31.0,31.0,1.0,,,,,Retail,,,,,,,,,,,
Orange,26887.0,26517.0,25107.0,26201.0,25250.0,1638.0,41548.0,39832.0,36140.0,32552.0,33436.0,8112.0,528.0,526.0,520.0,504.0,504.0,24.0,,,,,Retail,,,,,,,,,,,
Placer,3790.0,4037.0,3817.0,4005.0,3648.0,142.0,40716.0,38792.0,37856.0,33540.0,34736.0,5980.0,66.0,66.0,68.0,63.0,61.0,5.0,,,,,Retail,,,,,,,,,,,
Riverside,18655.0,18942.0,16871.0,16985.0,15976.0,2679.0,41860.0,40508.0,34892.0,32292.0,33488.0,8372.0,363.0,356.0,349.0,343.0,329.0,34.0,,,,,Retail,,,,,,,,,,,
Sacramento,11708.0,11878.0,11415.0,11743.0,10869.0,839.0,39728.0,38168.0,35984.0,32396.0,33124.0,6604.0,321.0,314.0,309.0,283.0,278.0,43.0,,,,,Retail,,,,,,,,,,,
San Benito,506.0,500.0,503.0,519.0,494.0,12.0,47008.0,44252.0,43472.0,41080.0,39052.0,7956.0,9.0,9.0,9.0,9.0,9.0,0.0,,,,,Retail,,,,,,,,,,,
San Bernardino,15182.0,15212.0,14235.0,14607.0,13445.0,1737.0,41964.0,37440.0,34060.0,31876.0,32864.0,9100.0,332.0,329.0,326.0,319.0,305.0,27.0,,,,,Retail,,,,,,,,,,,
San Diego,25802.0,25594.0,24761.0,26216.0,25183.0,619.0,39104.0,38168.0,35152.0,31408.0,32188.0,6916.0,580.0,578.0,581.0,564.0,564.0,16.0,,,,,Retail,,,,,,,,,,,
San Francisco,7071.0,7377.0,7255.0,7065.0,7199.0,-128.0,43056.0,41288.0,40716.0,39572.0,37648.0,5408.0,334.0,324.0,327.0,306.0,299.0,35.0,,,,,Retail,,,,,,,,,,,
San Joaquin,5295.0,4900.0,4535.0,4303.0,4025.0,1270.0,40144.0,37128.0,34580.0,32760.0,32968.0,7176.0,175.0,166.0,157.0,151.0,155.0,20.0,,,,,Retail,,,,,,,,,,,
San Luis Obispo,2641.0,2626.0,2542.0,2660.0,2623.0,18.0,40352.0,38168.0,35152.0,32864.0,31616.0,8736.0,55.0,54.0,57.0,57.0,61.0,-6.0,,,,,Retail,,,,,,,,,,,
San Mateo,6864.0,6731.0,6487.0,6964.0,6701.0,163.0,45656.0,44200.0,42120.0,39624.0,39988.0,5668.0,167.0,166.0,165.0,164.0,156.0,11.0,,,,,Retail,,,,,,,,,,,
Santa Barbara,4352.0,4323.0,4167.0,4418.0,4127.0,225.0,38168.0,38428.0,35880.0,32188.0,32240.0,5928.0,119.0,115.0,113.0,115.0,114.0,5.0,,,,,Retail,,,,,,,,,,,
Santa Clara,13924.0,14480.0,13798.0,14683.0,13975.0,-50.0,43992.0,42224.0,40508.0,36504.0,37856.0,6136.0,322.0,325.0,328.0,318.0,309.0,13.0,,,,,Retail,,,,,,,,,,,
Santa Cruz,2895.0,2931.0,2880.0,3226.0,3175.0,-279.0,39780.0,38844.0,37232.0,34684.0,34476.0,5304.0,66.0,66.0,65.0,64.0,66.0,0.0,,,,,Retail,,,,,,,,,,,
Shasta,1579.0,1658.0,1681.0,1709.0,1517.0,61.0,38324.0,36400.0,33800.0,31512.0,32708.0,5616.0,45.0,46.0,46.0,45.0,43.0,2.0,,,,,Retail,,,,,,,,,,,
Siskiyou,375.0,380.0,378.0,,,,39000.0,37596.0,36296.0,,,,17.0,17.0,14.0,,,,,,,,Retail,,,,,,,,,,,
Solano,2939.0,2988.0,3007.0,3063.0,2724.0,215.0,39572.0,38636.0,36504.0,33072.0,34268.0,5304.0,78.0,78.0,77.0,70.0,66.0,12.0,,,,,Retail,,,,,,,,,,,
Sonoma,6128.0,6297.0,6114.0,6610.0,6171.0,-44.0,41132.0,40040.0,37908.0,34736.0,35568.0,5564.0,143.0,145.0,141.0,145.0,140.0,3.0,,,,,Retail,,,,,,,,,,,
Stanislaus,3924.0,4000.0,3987.0,4007.0,3720.0,204.0,38480.0,37076.0,34372.0,32968.0,32968.0,5512.0,132.0,128.0,123.0,120.0,115.0,17.0,,,,,Retail,,,,,,,,,,,
Sutter,552.0,574.0,576.0,588.0,543.0,9.0,39000.0,36504.0,34164.0,31772.0,34060.0,4940.0,31.0,29.0,26.0,22.0,21.0,10.0,,,,,Retail,,,,,,,,,,,
Tehama,339.0,331.0,330.0,370.0,316.0,23.0,35360.0,35204.0,32552.0,30316.0,32864.0,2496.0,11.0,9.0,9.0,9.0,9.0,2.0,,,,,Retail,,,,,,,,,,,
Trinity,114.0,117.0,111.0,114.0,109.0,4.0,30524.0,38792.0,39052.0,33124.0,29276.0,1248.0,4.0,5.0,6.0,6.0,6.0,-2.0,,,,,Retail,,,,,,,,,,,
Tulare,2742.0,2650.0,2600.0,2625.0,2563.0,180.0,36400.0,36192.0,33644.0,32292.0,31304.0,5096.0,113.0,107.0,103.0,104.0,110.0,3.0,,,,,Retail,,,,,,,,,,,
Ventura,7429.0,7636.0,7203.0,7493.0,7095.0,334.0,40560.0,38792.0,36660.0,32708.0,32760.0,7800.0,175.0,176.0,175.0,166.0,166.0,9.0,,,,,Retail,,,,,,,,,,,
Yolo,1809.0,1858.0,1891.0,2024.0,1943.0,-134.0,39728.0,40820.0,38844.0,36348.0,35724.0,4004.0,42.0,41.0,40.0,41.0,42.0,0.0,,,,,Retail,,,,,,,,,,,
Yuba,237.0,248.0,254.0,215.0,184.0,53.0,36712.0,36452.0,29900.0,35724.0,34372.0,2340.0,16.0,14.0,14.0,11.0,11.0,5.0,,,,,Retail,,,,,,,,,,,
Unknown Or Undefined,110.0,84.0,161.0,354.0,329.0,-219.0,86580.0,76960.0,61308.0,37284.0,33384.0,53196.0,33.0,31.0,33.0,25.0,22.0,11.0,,,,,Retail,,,,,,,,,,,
Tuolumne,,491.0,493.0,524.0,466.0,,,36868.0,36920.0,34632.0,34060.0,,,18.0,16.0,16.0,14.0,,,,,,Retail,,,,,,,,,,,
Plumas,,,260.0,,256.0,,,,26884.0,,26156.0,,,,9.0,,11.0,,,,,,Retail,,,,,,,,,,,
Alameda,6325.0,9177.0,9948.0,8400.0,6010.0,315.0,57304.0,50076.0,42432.0,41756.0,49816.0,7488.0,111.0,108.0,109.0,103.0,94.0,17.0,51154.0,7516.0,457.0,15384.9982,Warehouse,,,,,,,,,,,
Contra Costa,2306.666667,1706.0,1824.0,356.0,336.0,1971.0,78832.0,77584.0,63596.0,53404.0,57148.0,21684.0,32.0,31.0,31.0,29.0,25.0,7.0,,,,,Warehouse,,,,,,,,,,,
Fresno,4095.0,4679.0,5222.0,4351.0,3847.0,248.0,33124.0,29588.0,27872.0,32656.0,25896.0,7228.0,38.0,37.0,41.0,36.0,33.0,5.0,,,,,Warehouse,,,,,,,,,,,
Imperial,289.0,274.0,180.0,169.0,164.0,125.0,42900.0,42432.0,38116.0,38844.0,41236.0,1664.0,21.0,20.0,18.0,19.0,19.0,2.0,,,,,Warehouse,,,,,,,,,,,
Kern,8958.333333,9754.0,11500.0,6452.0,4172.0,4786.0,66404.0,63440.0,50960.0,47528.0,43420.0,22984.0,34.0,33.0,33.0,27.0,29.0,5.0,,,,,Warehouse,,,,,,,,,,,
Los Angeles,17911.0,17267.0,16885.0,15309.0,16128.0,1783.0,67236.0,60684.0,57512.0,54340.0,53404.0,13832.0,581.0,557.0,489.0,436.0,395.0,186.0,,,,,Warehouse,,,,,,,,,,,
Marin,12.0,12.0,14.0,162.0,,,84552.0,84552.0,108212.0,96148.0,,,5.0,5.0,6.0,8.0,,,,,,,Warehouse,,,,,,,,,,,
Monterey,43.66666667,58.0,58.0,77.0,95.0,-51.0,66560.0,60476.0,55432.0,47528.0,42120.0,24440.0,10.0,10.0,9.0,11.0,11.0,-1.0,,,,,Warehouse,,,,,,,,,,,
Napa,271.0,307.0,261.0,248.0,162.0,109.0,69264.0,70044.0,72384.0,69576.0,47164.0,22100.0,11.0,11.0,10.0,10.0,9.0,2.0,,,,,Warehouse,,,,,,,,,,,
Orange,6862.0,6557.0,4822.0,4887.0,4728.0,2134.0,71656.0,71916.0,76440.0,64064.0,69836.0,1820.0,125.0,114.0,93.0,76.0,76.0,49.0,,,,,Warehouse,,,,,,,,,,,
Placer,306.3333333,,,,,,61828.0,,,,,,8.0,,,,,,,,,,Warehouse,,,,,,,,,,,
Riverside,50779.66667,51564.0,55754.0,48802.0,37078.0,13702.0,54444.0,53144.0,45240.0,44668.0,41028.0,13416.0,159.0,154.0,143.0,135.0,123.0,36.0,,,,,Warehouse,,,,,,,,,,,
Sacramento,7108.0,7774.0,6851.0,4814.0,4125.0,2983.0,60580.0,61620.0,45968.0,36816.0,41444.0,19136.0,71.0,64.0,62.0,52.0,49.0,22.0,,,,,Warehouse,,,,,,,,,,,
San Bernardino,66601.33333,70446.0,77043.0,67152.0,47706.0,18896.0,55640.0,52312.0,43836.0,40716.0,39936.0,15704.0,398.0,377.0,344.0,308.0,282.0,116.0,,,,,Warehouse,,,,,,,,,,,
San Diego,6242.0,5081.0,5884.0,3552.0,2085.0,4157.0,77844.0,78520.0,65832.0,60944.0,62816.0,15028.0,111.0,108.0,102.0,95.0,101.0,10.0,,,,,Warehouse,,,,,,,,,,,
San Francisco,385.3333333,226.0,337.0,1564.0,389.0,-4.0,54392.0,63024.0,57564.0,63024.0,45500.0,8892.0,17.0,15.0,14.0,18.0,16.0,1.0,,,,,Warehouse,,,,,,,,,,,
San Joaquin,28332.0,28214.0,30514.0,26364.0,19587.0,8745.0,58916.0,57564.0,46592.0,45968.0,43108.0,15808.0,92.0,90.0,85.0,84.0,81.0,11.0,,,,,Warehouse,,,,,,,,,,,
San Luis Obispo,40.33333333,39.0,33.0,49.0,74.0,-34.0,47840.0,48984.0,51012.0,36088.0,45396.0,2444.0,4.0,4.0,4.0,6.0,6.0,-2.0,,,,,Warehouse,,,,,,,,,,,
San Mateo,763.6666667,1069.0,841.0,807.0,744.0,20.0,69212.0,64220.0,53924.0,36764.0,43576.0,25636.0,14.0,16.0,15.0,15.0,16.0,-2.0,,,,,Warehouse,,,,,,,,,,,
Santa Barbara,150.3333333,223.0,171.0,159.0,131.0,19.0,47580.0,73788.0,39728.0,41756.0,47424.0,156.0,8.0,9.0,8.0,8.0,7.0,1.0,,,,,Warehouse,,,,,,,,,,,
Santa Clara,1385.333333,785.0,749.0,289.0,327.0,1058.0,113724.0,129376.0,77896.0,79092.0,86372.0,27352.0,26.0,22.0,23.0,27.0,27.0,-1.0,,,,,Warehouse,,,,,,,,,,,
Shasta,25.0,27.0,,30.0,,,60424.0,56680.0,,53404.0,,,7.0,9.0,,8.0,,,,,,,Warehouse,,,,,,,,,,,
Solano,2068.333333,613.0,455.0,257.0,205.0,1863.0,70720.0,55068.0,53092.0,53248.0,55068.0,15652.0,19.0,16.0,15.0,12.0,10.0,9.0,,,,,Warehouse,,,,,,,,,,,
Sonoma,143.3333333,152.0,177.0,315.0,203.0,-60.0,66560.0,64376.0,64168.0,47268.0,58448.0,8112.0,15.0,17.0,20.0,20.0,19.0,-4.0,,,,,Warehouse,,,,,,,,,,,
Stanislaus,4275.0,4488.0,3694.0,3264.0,3399.0,876.0,72904.0,71916.0,62140.0,62868.0,52156.0,20748.0,27.0,28.0,27.0,27.0,22.0,5.0,,,,,Warehouse,,,,,,,,,,,
Tulare,4213.0,3570.0,3397.0,1989.0,2330.0,1883.0,72020.0,71760.0,63128.0,44408.0,39364.0,32656.0,11.0,9.0,11.0,13.0,12.0,-1.0,,,,,Warehouse,,,,,,,,,,,
Ventura,1707.666667,1742.0,1868.0,418.0,509.0,1198.0,84032.0,83252.0,67964.0,59956.0,57356.0,26676.0,35.0,33.0,34.0,29.0,30.0,5.0,,,,,Warehouse,,,,,,,,,,,
Yolo,3265.333333,3868.0,3565.0,3083.0,2779.0,486.0,63336.0,54860.0,55432.0,47944.0,48828.0,14508.0,15.0,14.0,12.0,12.0,12.0,3.0,,,,,Warehouse,,,,,,,,,,,
Unknown Or Undefined,1008.666667,1831.0,1584.0,1266.0,1156.0,-148.0,159172.0,154752.0,164268.0,137124.0,103844.0,55328.0,68.0,60.0,54.0,39.0,35.0,33.0,,,,,Warehouse,,,,,,,,,,,
Merced,,,,923.0,955.0,,,,,56160.0,54600.0,,,,,6.0,6.0,,,,,,Warehouse,,,,,,,,,,,
Santa Cruz,,,,26.0,61.0,,,,,90948.0,62244.0,,,,,7.0,7.0,,,,,,Warehouse,,,,,,,,,,,
Butte,,,,,10.0,,,,,,23660.0,,,,,,3.0,,,,,,Warehouse,,,,,,,,,,,
